"rank","lon","lat","depth_m","toc_predicted_pct","DInorm_initial","DInorm_at_selection","gain","expected_RMSE_calibrated","distance_nearest_observation_km","inside_AOA","region","path","decision","collection","flag_region_needs_new_drivers","flag_outside_region_support"
1,-171.85,0.05,5656,0.202,0.081,0.081,NA,0.279,65,TRUE,"7 NE Pacific","3 new drivers or finer resolution","new drivers or finer resolution (L2/L4)","directed: environmental space",TRUE,FALSE
2,-123.25,3.05,4591,0.664,0.11,0.11,NA,0.21,154,TRUE,"7 NE Pacific","3 new drivers or finer resolution","new drivers or finer resolution (L2/L4)","directed: environmental space",TRUE,FALSE
3,-126.95,4.15,4403,0.462,0.118,0.118,NA,0.23,170,TRUE,"7 NE Pacific","3 new drivers or finer resolution","new drivers or finer resolution (L2/L4)","directed: environmental space",TRUE,FALSE
4,-175.25,0.55,5401,0.392,0.108,0.108,NA,0.247,300,TRUE,"7 NE Pacific","3 new drivers or finer resolution","new drivers or finer resolution (L2/L4)","directed: environmental space",TRUE,FALSE
5,126.95,24.95,1867,0.26,0.211,0.211,NA,0.29,22,TRUE,"8 W Pacific","2 regionalize the model","regionalize the model (L2)","directed: model uncertainty",FALSE,FALSE
6,-96.05,-25.45,3462,0.2,0.307,0.307,NA,0.365,371,TRUE,"1 S Atlantic-Scotia","1 collect data and load into the global model","collect data and load into the global model (L3)","directed: model uncertainty",FALSE,FALSE
7,-99.55,-26.75,3570,0.246,0.325,0.325,NA,0.352,584,TRUE,"1 S Atlantic-Scotia","1 collect data and load into the global model","collect data and load into the global model (L3)","directed: model uncertainty",FALSE,FALSE
8,-98.85,-30.05,3597,0.257,0.347,0.347,NA,0.354,530,TRUE,"1 S Atlantic-Scotia","1 collect data and load into the global model","collect data and load into the global model (L3)","directed: model uncertainty",FALSE,FALSE
9,-102.55,-28.85,3122,0.232,0.317,0.317,NA,0.355,854,TRUE,"1 S Atlantic-Scotia","1 collect data and load into the global model","collect data and load into the global model (L3)","directed: model uncertainty",FALSE,FALSE
10,-127.05,-24.15,2715,0.224,0.507,0.507,NA,0.412,764,TRUE,"7 NE Pacific","3 new drivers or finer resolution","new drivers or finer resolution (L2/L4)","directed: environmental space",TRUE,FALSE
11,-107.15,-25.45,3534,0.126,0.317,0.317,NA,0.407,489,TRUE,"1 S Atlantic-Scotia","1 collect data and load into the global model","collect data and load into the global model (L3)","directed: model uncertainty",FALSE,FALSE
12,-99.15,-23.95,3736,0.175,0.313,0.313,NA,0.379,506,TRUE,"1 S Atlantic-Scotia","1 collect data and load into the global model","collect data and load into the global model (L3)","directed: model uncertainty",FALSE,FALSE
13,-127.35,-33.15,4199,0.238,0.383,0.383,NA,0.372,1046,TRUE,"1 S Atlantic-Scotia","1 collect data and load into the global model","collect data and load into the global model (L3)","directed: model uncertainty",FALSE,TRUE
14,-130.35,-22.05,3818,0.204,0.311,0.311,NA,0.367,1135,TRUE,"7 NE Pacific","3 new drivers or finer resolution","new drivers or finer resolution (L2/L4)","directed: environmental space",TRUE,TRUE
15,-91.65,-24.25,3798,0.232,0.302,0.302,NA,0.351,486,TRUE,"1 S Atlantic-Scotia","1 collect data and load into the global model","collect data and load into the global model (L3)","directed: model uncertainty",FALSE,FALSE
16,-110.15,-19.35,3584,0.129,0.26,0.26,NA,0.384,290,TRUE,"7 NE Pacific","3 new drivers or finer resolution","new drivers or finer resolution (L2/L4)","directed: environmental space",TRUE,FALSE
17,-110.65,-26.25,3171,0.143,0.227,0.227,NA,0.367,367,TRUE,"1 S Atlantic-Scotia","1 collect data and load into the global model","collect data and load into the global model (L3)","directed: model uncertainty",FALSE,FALSE
18,-123.35,-31.65,3062,0.241,0.391,0.391,NA,0.372,680,TRUE,"1 S Atlantic-Scotia","1 collect data and load into the global model","collect data and load into the global model (L3)","directed: model uncertainty",FALSE,FALSE
19,-115.85,-31.75,3047,0.251,0.295,0.295,NA,0.341,709,TRUE,"1 S Atlantic-Scotia","1 collect data and load into the global model","collect data and load into the global model (L3)","directed: model uncertainty",FALSE,FALSE
20,-131.35,-33.45,3903,0.246,0.471,0.471,NA,0.396,1359,TRUE,"1 S Atlantic-Scotia","1 collect data and load into the global model","collect data and load into the global model (L3)","directed: model uncertainty",FALSE,TRUE
21,131.95,25.75,1600,0.373,0.493,0.493,NA,0.34,219,TRUE,"8 W Pacific","2 regionalize the model","regionalize the model (L2)","directed: model uncertainty",FALSE,FALSE
22,-102.85,-23.05,3985,0.101,0.244,0.244,NA,0.397,309,TRUE,"1 S Atlantic-Scotia","1 collect data and load into the global model","collect data and load into the global model (L3)","directed: model uncertainty",FALSE,FALSE
23,-13.85,5.35,4857,0.322,0.496,0.496,NA,0.35,126,TRUE,"4 Angola-Benguela","1 collect data and load into the global model","collect data and load into the global model (L3)","directed: model uncertainty",FALSE,FALSE
24,-115.55,-22.85,2942,0.208,0.405,0.405,NA,0.388,297,TRUE,"7 NE Pacific","3 new drivers or finer resolution","new drivers or finer resolution (L2/L4)","directed: environmental space",TRUE,FALSE
25,-109.45,-29.45,3017,0.184,0.249,0.249,NA,0.356,734,TRUE,"1 S Atlantic-Scotia","1 collect data and load into the global model","collect data and load into the global model (L3)","directed: model uncertainty",FALSE,FALSE
26,-132.55,-23.85,3705,0.201,0.323,0.323,NA,0.371,1041,TRUE,"7 NE Pacific","3 new drivers or finer resolution","new drivers or finer resolution (L2/L4)","directed: environmental space",TRUE,TRUE
27,-119.65,-30.45,3842,0.216,0.231,0.231,NA,0.336,456,TRUE,"1 S Atlantic-Scotia","1 collect data and load into the global model","collect data and load into the global model (L3)","directed: model uncertainty",FALSE,FALSE
28,-106.75,-22.45,4003,0.104,0.258,0.258,NA,0.401,432,TRUE,"7 NE Pacific","3 new drivers or finer resolution","new drivers or finer resolution (L2/L4)","directed: environmental space",TRUE,FALSE
29,-132.75,-29.95,4182,0.152,0.357,0.357,NA,0.409,1326,TRUE,"7 NE Pacific","3 new drivers or finer resolution","new drivers or finer resolution (L2/L4)","directed: environmental space",TRUE,TRUE
30,-123.75,-28.55,3537,0.206,0.195,0.195,NA,0.33,456,TRUE,"7 NE Pacific","3 new drivers or finer resolution","new drivers or finer resolution (L2/L4)","directed: environmental space",TRUE,FALSE
31,-115.25,-28.45,3244,0.159,0.134,0.134,NA,0.33,395,TRUE,"1 S Atlantic-Scotia","1 collect data and load into the global model","collect data and load into the global model (L3)","directed: model uncertainty",FALSE,FALSE
32,-128.75,-27.95,3986,0.129,0.362,0.362,NA,0.42,898,TRUE,"7 NE Pacific","3 new drivers or finer resolution","new drivers or finer resolution (L2/L4)","directed: environmental space",TRUE,FALSE
33,-134.55,-20.95,4078,0.218,0.247,0.247,NA,0.341,690,TRUE,"7 NE Pacific","3 new drivers or finer resolution","new drivers or finer resolution (L2/L4)","directed: environmental space",TRUE,FALSE
34,-132.05,-27.15,4090,0.135,0.33,0.33,NA,0.409,1214,TRUE,"7 NE Pacific","3 new drivers or finer resolution","new drivers or finer resolution (L2/L4)","directed: environmental space",TRUE,TRUE
35,-104.85,-31.15,3310,0.228,0.305,0.305,NA,0.355,1112,TRUE,"1 S Atlantic-Scotia","1 collect data and load into the global model","collect data and load into the global model (L3)","directed: model uncertainty",FALSE,TRUE
36,-122.95,-20.75,3701,0.199,0.304,0.304,NA,0.366,698,TRUE,"7 NE Pacific","3 new drivers or finer resolution","new drivers or finer resolution (L2/L4)","directed: environmental space",TRUE,FALSE
37,-131.25,-18.65,4339,0.197,0.391,0.391,NA,0.393,789,TRUE,"7 NE Pacific","3 new drivers or finer resolution","new drivers or finer resolution (L2/L4)","directed: environmental space",TRUE,FALSE
38,-127.85,-20.35,3963,0.186,0.298,0.298,NA,0.37,915,TRUE,"7 NE Pacific","3 new drivers or finer resolution","new drivers or finer resolution (L2/L4)","directed: environmental space",TRUE,FALSE
39,-96.95,-22.05,4096,0.178,0.319,0.319,NA,0.38,571,TRUE,"1 S Atlantic-Scotia","1 collect data and load into the global model","collect data and load into the global model (L3)","directed: model uncertainty",FALSE,FALSE
40,-99.75,-20.65,3997,0.191,0.289,0.289,NA,0.36,252,TRUE,"1 S Atlantic-Scotia","1 collect data and load into the global model","collect data and load into the global model (L3)","directed: model uncertainty",FALSE,FALSE
41,-111.55,-23.25,3455,0.125,0.357,0.357,NA,0.397,83,TRUE,"7 NE Pacific","3 new drivers or finer resolution","new drivers or finer resolution (L2/L4)","directed: environmental space",TRUE,FALSE
42,-120.95,-25.55,3105,0.238,0.16,0.16,NA,0.296,141,TRUE,"7 NE Pacific","3 new drivers or finer resolution","new drivers or finer resolution (L2/L4)","directed: environmental space",TRUE,FALSE
43,-137.85,-21.85,3774,0.233,0.33,0.33,NA,0.359,511,TRUE,"7 NE Pacific","3 new drivers or finer resolution","new drivers or finer resolution (L2/L4)","directed: environmental space",TRUE,FALSE
44,-104.25,-19.55,4116,0.084,0.111,0.111,NA,0.361,237,TRUE,"7 NE Pacific","3 new drivers or finer resolution","new drivers or finer resolution (L2/L4)","directed: environmental space",TRUE,FALSE
45,-135.05,-26.65,4371,0.156,0.371,0.371,NA,0.409,1115,TRUE,"7 NE Pacific","3 new drivers or finer resolution","new drivers or finer resolution (L2/L4)","directed: environmental space",TRUE,TRUE
46,-141.35,-22.15,3967,0.221,0.259,0.259,NA,0.343,492,TRUE,"7 NE Pacific","3 new drivers or finer resolution","new drivers or finer resolution (L2/L4)","directed: environmental space",TRUE,FALSE
47,63.65,-34.05,4612,0.268,0.213,0.213,NA,0.309,296,TRUE,"3 Arabian Sea","1 collect data and load into the global model","collect data and load into the global model (L3)","directed: model uncertainty",FALSE,FALSE
48,12.15,55.15,2,1.804,0.497,0.497,NA,0.329,51,TRUE,"2 NE Atlantic","1 collect data and load into the global model","collect data and load into the global model (L3)","directed: model uncertainty",FALSE,FALSE
49,24.35,57.95,7,2.22,0.506,0.506,NA,0.344,52,TRUE,"2 NE Atlantic","1 collect data and load into the global model","collect data and load into the global model (L3)","directed: model uncertainty",FALSE,FALSE
50,59.95,-34.05,4558,0.232,0.201,0.201,NA,0.322,635,TRUE,"3 Arabian Sea","1 collect data and load into the global model","collect data and load into the global model (L3)","directed: model uncertainty",FALSE,FALSE
