"station","lon","lat","depth_m","campaign","survey","set","ignorance","bio_DI_over_threshold","bio_models_inside_AOA"
"CAMPANHA02_SANSED09_Outono_A_A01",-48.53,-26.82,25,2,"2021 (Survey 2)","train",0.613182023955248,0.562749540780716,12
"CAMPANHA01_SANSED06_Primavera_A_A01",-48.53,-26.82,25,1,"2019 (Survey 1)","test",0.436283673391478,0.931702974399481,10
"CAMPANHA02_SANSED09_Outono_A_A02",-48.24,-26.89,50,2,"2021 (Survey 2)","train",0.304914681286986,0.725698841400259,12
"CAMPANHA01_SANSED06_Primavera_A_A02",-48.24,-26.89,50,1,"2019 (Survey 1)","train",0.26307434602566,0.894003131137497,11
"CAMPANHA02_SANSED09_Outono_A_A03",-47.92,-26.97,75,2,"2021 (Survey 2)","train",0.476115280746273,0.745694715366471,12
"CAMPANHA01_SANSED06_Primavera_A_A03",-47.92,-26.97,75,1,"2019 (Survey 1)","train",0.160315210133477,0.773640356692253,12
"CAMPANHA02_SANSED09_Outono_A_A04",-47.73,-27.02,100,2,"2021 (Survey 2)","train",0.362976187843932,0.584284026890219,12
"CAMPANHA01_SANSED06_Primavera_A_A04",-47.73,-27.02,100,1,"2019 (Survey 1)","test",0.242440730990947,0.544858749414688,12
"CAMPANHA02_SANSED09_Outono_A_A05",-47.26,-27.14,150,2,"2021 (Survey 2)","train",0.540673907033025,0.558746768651093,12
"CAMPANHA01_SANSED06_Primavera_A_A05",-47.26,-27.14,150,1,"2019 (Survey 1)","train",0.52893132518847,0.92421508703197,8
"CAMPANHA01_SANSED01_Inverno_A_A06",-46.95,-27.21,400,1,"2019 (Survey 1)","train",0.338999805424498,0.431720331170794,12
"CAMPANHA02_SANSED07_Verao_A_A06",-46.95,-27.21,400,2,"2021 (Survey 2)","train",0.681304721507712,0.442691430524126,12
"CAMPANHA01_SANSED01_Inverno_A_A07",-46.76,-27.26,700,1,"2019 (Survey 1)","train",0.735992736648558,0.476182930548798,12
"CAMPANHA02_SANSED07_Verao_A_A07",-46.76,-27.26,700,2,"2021 (Survey 2)","train",0.36709823198739,0.534534196030788,12
"CAMPANHA01_SANSED01_Inverno_A_A08",-46.6233333333333,-27.3,1000,1,"2019 (Survey 1)","train",0.416495124422213,0.339239679132733,12
"CAMPANHA02_SANSED07_Verao_A_A08",-46.63,-27.3,1000,2,"2021 (Survey 2)","train",0.385618245036675,0.293015690574757,12
"CAMPANHA01_SANSED01_Inverno_A_A09",-46.52,-27.32,1300,1,"2019 (Survey 1)","train",0.285624605427529,0.38327687773726,12
"CAMPANHA02_SANSED07_Verao_A_A09",-46.52,-27.32,1300,2,"2021 (Survey 2)","train",0.499223374536787,0.348408350141707,12
"CAMPANHA01_SANSED01_Inverno_A_A10",-46.22,-27.4,1900,1,"2019 (Survey 1)","train",0.423011943505836,0.433707542023752,12
"CAMPANHA02_SANSED07_Verao_A_A10",-46.22,-27.4,1900,2,"2021 (Survey 2)","train",0.328414713134511,0.384955018797121,12
"CAMPANHA01_SANSED01_Inverno_A_A11",-45.66,-27.54,2400,1,"2019 (Survey 1)","train",0.30211537372624,0.356019344253823,12
"CAMPANHA02_SANSED07_Verao_A_A11",-45.66,-27.54,2400,2,"2021 (Survey 2)","train",0.31099014391461,0.382501481982097,12
"CAMPANHA02_SANSED09_Outono_B_B01",-48.08,-25.71,25,2,"2021 (Survey 2)","test",0.934172700060231,0.689662960431233,10
"CAMPANHA01_SANSED06_Primavera_B_B01",-48.08,-25.71,25,1,"2019 (Survey 1)","train",0.451314495983837,0.660001326278938,12
"CAMPANHA02_SANSED09_Outono_B_B02",-47.78,-25.8666666666667,50,2,"2021 (Survey 2)","train",0.694207328318821,0.435351349453604,12
"CAMPANHA01_SANSED06_Primavera_B_B02",-47.78,-25.87,50,1,"2019 (Survey 1)","train",0.255163669876719,0.431065945662663,12
"CAMPANHA02_SANSED09_Outono_B_B03",-47.44,-26.04,75,2,"2021 (Survey 2)","train",0.252991343202705,0.708762440473601,12
"CAMPANHA01_SANSED06_Primavera_B_B03",-47.44,-26.04,75,1,"2019 (Survey 1)","test",0.417569635739417,0.723815281975581,12
"CAMPANHA02_SANSED09_Outono_B_B04",-47.22,-26.16,100,2,"2021 (Survey 2)","train",0.442312651977707,0.585447220836056,12
"CAMPANHA01_SANSED06_Primavera_B_B04",-47.22,-26.16,100,1,"2019 (Survey 1)","train",0.336242668330106,0.692344560983693,12
"CAMPANHA02_SANSED09_Outono_B_B05",-46.77,-26.38,150,2,"2021 (Survey 2)","train",0.130209888380074,0.687351904300631,12
"CAMPANHA01_SANSED06_Primavera_B_B05",-46.77,-26.38,150,1,"2019 (Survey 1)","test",0.638568727650626,0.78369142126765,12
"CAMPANHA01_SANSED01_Inverno_B_B06",-46.43,-26.59,400,1,"2019 (Survey 1)","train",0.361585522512187,0.441325818960547,12
"CAMPANHA02_SANSED07_Verao_B_B06",-46.43,-26.59,400,2,"2021 (Survey 2)","test",0.322916853730173,0.443144747321939,12
"CAMPANHA01_SANSED01_Inverno_B_B07",-46.07,-26.75,700,1,"2019 (Survey 1)","train",0.222786044024051,0.329035943374842,12
"CAMPANHA02_SANSED07_Verao_B_B07",-46.07,-26.75,700,2,"2021 (Survey 2)","train",0.123605238277878,0.308832122187948,12
"CAMPANHA01_SANSED01_Inverno_B_B08",-45.98,-26.8,1000,1,"2019 (Survey 1)","train",0.308873026999496,0.367466617174468,12
"CAMPANHA02_SANSED07_Verao_B_B08",-45.98,-26.8,1000,2,"2021 (Survey 2)","train",0.324157765017894,0.262559365923646,12
"CAMPANHA01_SANSED01_Inverno_B_B09",-45.92,-26.83,1300,1,"2019 (Survey 1)","train",0.16969102458225,0.405894215162537,12
"CAMPANHA02_SANSED07_Verao_B_B09",-45.92,-26.83,1300,2,"2021 (Survey 2)","train",0.212136229218213,0.233187434479758,12
"CAMPANHA01_SANSED01_Inverno_B_B10",-45.76,-26.92,1900,1,"2019 (Survey 1)","train",0.158859105553542,0.362177972006938,12
"CAMPANHA02_SANSED07_Verao_B_B10",-45.76,-26.92,1900,2,"2021 (Survey 2)","train",0.605351242346782,0.462015097052187,12
"CAMPANHA01_SANSED01_Inverno_B_B11",-45.36,-27.12,2400,1,"2019 (Survey 1)","train",0.148249447069372,0.37285233785826,12
"CAMPANHA02_SANSED07_Verao_B_B11",-45.36,-27.12,2400,2,"2021 (Survey 2)","train",0.458262821844854,0.381978963726299,12
"CAMPANHA02_SANSED09_Outono_C_C01",-47.2,-24.76,25,2,"2021 (Survey 2)","train",1.45451046002696,0.740293820811388,12
"CAMPANHA01_SANSED06_Primavera_C_C01",-47.2,-24.76,25,1,"2019 (Survey 1)","train",0.712539936622669,0.760388215381009,12
"CAMPANHA02_SANSED09_Outono_C_C02",-46.89,-25.03,50,2,"2021 (Survey 2)","train",0.311690502006249,0.435351349453604,12
"CAMPANHA01_SANSED06_Primavera_C_C02",-46.89,-25.03,50,1,"2019 (Survey 1)","train",0.390278229250739,0.431065945662663,12
"CAMPANHA02_SANSED09_Outono_C_C03",-46.59,-25.31,75,2,"2021 (Survey 2)","train",0.180176645942477,0.645321261484193,12
"CAMPANHA01_SANSED06_Primavera_C_C03",-46.59,-25.31,75,1,"2019 (Survey 1)","train",0.480625251853181,0.730041901392,12
"CAMPANHA02_SANSED09_Outono_C_C04",-46.42,-25.4666666666667,100,2,"2021 (Survey 2)","test",0.175566463765848,0.654394691010845,12
"CAMPANHA01_SANSED06_Primavera_C_C04",-46.42,-25.47,100,1,"2019 (Survey 1)","train",0.374868384821983,0.672980917697576,12
"CAMPANHA02_SANSED09_Outono_C_C05",-46.16,-25.69,150,2,"2021 (Survey 2)","train",0.441710665630883,0.563261781135593,12
"CAMPANHA01_SANSED06_Primavera_C_C05",-46.16,-25.69,150,1,"2019 (Survey 1)","train",0.300921593252202,0.789343239441208,12
"CAMPANHA01_SANSED01_Inverno_C_C06",-45.79,-26.03,400,1,"2019 (Survey 1)","test",0.197731079128869,0.477144456203946,12
"CAMPANHA02_SANSED07_Verao_C_C06",-45.79,-26.03,400,2,"2021 (Survey 2)","train",0.178580155871997,0.496576539450704,12
"CAMPANHA01_SANSED01_Inverno_C_C07",-45.61,-26.2,700,1,"2019 (Survey 1)","test",0.339901159599845,0.345536493920732,12
"CAMPANHA02_SANSED07_Verao_C_C07",-45.61,-26.2,700,2,"2021 (Survey 2)","test",0.348685500368796,0.271444163087613,12
"CAMPANHA01_SANSED01_Inverno_C_C08",-45.56,-26.24,1000,1,"2019 (Survey 1)","train",0.317181693083806,0.320983208252229,12
"CAMPANHA02_SANSED07_Verao_C_C08",-45.56,-26.24,1000,2,"2021 (Survey 2)","train",0.540904144795179,0.365801516517042,12
"CAMPANHA01_SANSED01_Inverno_C_C09",-45.51,-26.29,1300,1,"2019 (Survey 1)","train",0.282157443517304,0.364400932234673,12
"CAMPANHA02_SANSED07_Verao_C_C09",-45.51,-26.2833333333333,1300,2,"2021 (Survey 2)","train",0.373292441738167,0.233187434479758,12
"CAMPANHA01_SANSED01_Inverno_C_C10",-45.41,-26.38,1900,1,"2019 (Survey 1)","train",0.292832718579951,0.372773975908477,12
"CAMPANHA02_SANSED07_Verao_C_C10",-45.41,-26.38,1900,2,"2021 (Survey 2)","train",0.4356008934473,0.403543585866023,12
"CAMPANHA01_SANSED01_Inverno_C_C11",-45.07,-26.68,2400,1,"2019 (Survey 1)","train",0.416232991220657,0.314536082269179,12
"CAMPANHA02_SANSED07_Verao_C_C11",-45.07,-26.68,2400,2,"2021 (Survey 2)","train",0.41075924798716,0.411778519132362,12
"CAMPANHA02_SANSED09_Outono_D_D01",-46.37,-24.16,25,2,"2021 (Survey 2)","test",0.897737066664309,0.576697775255175,12
"CAMPANHA01_SANSED06_Primavera_D_D01",-46.37,-24.16,25,1,"2019 (Survey 1)","train",0.301090719897054,1.04081013327721,3
"CAMPANHA02_SANSED09_Outono_D_D02",-46.14,-24.43,50,2,"2021 (Survey 2)","train",0.535500532753268,0.556273377463282,12
"CAMPANHA01_SANSED06_Primavera_D_D02",-46.14,-24.43,50,1,"2019 (Survey 1)","train",0.292668385629082,0.991689233548887,4
"CAMPANHA02_SANSED09_Outono_D_D03",-45.84,-24.78,75,2,"2021 (Survey 2)","train",0.511190068360018,0.598153033821609,12
"CAMPANHA01_SANSED06_Primavera_D_D03",-45.84,-24.78,75,1,"2019 (Survey 1)","train",0.201318278711709,0.596083449464176,12
"CAMPANHA02_SANSED09_Outono_D_D04",-45.6,-25.06,100,2,"2021 (Survey 2)","train",0.431177196952305,0.66381755497685,12
"CAMPANHA01_SANSED06_Primavera_D_D04",-45.6,-25.06,100,1,"2019 (Survey 1)","test",0.304365351292463,0.765892483364499,12
"CAMPANHA02_SANSED09_Outono_D_D05",-45.16,-25.57,150,2,"2021 (Survey 2)","train",0.930589337816491,0.811959048744059,10
"CAMPANHA01_SANSED05_Primavera_D_D05",-45.16,-25.57,150,1,"2019 (Survey 1)","test",0.603461733429426,0.742219956048116,12
"CAMPANHA01_SANSED02_Inverno_D_D06",-45.11,-25.63,400,1,"2019 (Survey 1)","test",0.352376609295664,0.467621952416239,12
"CAMPANHA02_SANSED07_Verao_D_D06",-45.11,-25.63,400,2,"2021 (Survey 2)","train",0.686845958448307,0.452763934772649,12
"CAMPANHA01_SANSED02_Inverno_D_D07",-45.08,-25.67,700,1,"2019 (Survey 1)","train",0.461456018272561,0.495158281855805,12
"CAMPANHA02_SANSED07_Verao_D_D07",-45.08,-25.67,700,2,"2021 (Survey 2)","test",0.351830944434383,0.453766900034451,12
"CAMPANHA01_SANSED01_Inverno_D_D08",-45.06,-25.69,1000,1,"2019 (Survey 1)","test",0.261270863824302,0.527675767212231,12
"CAMPANHA02_SANSED07_Verao_D_D08",-45.06,-25.69,1000,2,"2021 (Survey 2)","train",0.360873818879577,0.455877846405196,12
"CAMPANHA01_SANSED02_Inverno_D_D09",-45.02,-25.73,1300,1,"2019 (Survey 1)","test",0.18904678297959,0.321243985570527,12
"CAMPANHA02_SANSED07_Verao_D_D09",-45.02,-25.73,1300,2,"2021 (Survey 2)","train",0.20789333742046,0.446697243998996,12
"CAMPANHA01_SANSED02_Inverno_D_D10",-44.83,-25.95,1900,1,"2019 (Survey 1)","train",0.300308312321612,0.311956704070021,12
"CAMPANHA02_SANSED07_Verao_D_D10",-44.83,-25.95,1900,2,"2021 (Survey 2)","train",0.43670325463698,0.397912781010646,12
"CAMPANHA01_SANSED02_Inverno_D_D11",-44.4333333333333,-26.42,2400,1,"2019 (Survey 1)","train",0.265898062523156,0.491569278433326,12
"CAMPANHA02_SANSED07_Verao_D_D11",-44.43,-26.42,2400,2,"2021 (Survey 2)","train",0.315771592216356,0.412928896221596,12
"CAMPANHA02_SANSED09_Outono_E_E01",-45.12,-23.61,25,2,"2021 (Survey 2)","train",0.411203561981181,0.70157046516911,12
"CAMPANHA01_SANSED05_Primavera_E_E01",-45.12,-23.61,25,1,"2019 (Survey 1)","train",0.39083764627303,0.662216215883728,12
"CAMPANHA02_SANSED09_Outono_E_E02",-45,-23.85,50,2,"2021 (Survey 2)","test",0.648099799840426,0.880150843668733,12
"CAMPANHA01_SANSED05_Primavera_E_E02",-45,-23.85,50,1,"2019 (Survey 1)","train",0.821872156427364,0.85423019881014,12
"CAMPANHA02_SANSED09_Outono_E_E03",-44.92,-24,75,2,"2021 (Survey 2)","test",0.396783749368701,0.771037873631867,12
"CAMPANHA01_SANSED05_Primavera_E_E03",-44.92,-24,75,1,"2019 (Survey 1)","train",0.546883647422857,0.675618539684043,12
"CAMPANHA02_SANSED09_Outono_E_E04",-44.81,-24.21,100,2,"2021 (Survey 2)","test",0.339923110105608,0.74069570167641,12
"CAMPANHA01_SANSED05_Primavera_E_E04",-44.81,-24.21,100,1,"2019 (Survey 1)","train",0.299740153184296,0.616704877083815,12
"CAMPANHA02_SANSED09_Outono_E_E05",-44.6,-24.5666666666667,150,2,"2021 (Survey 2)","train",0.377281763702022,0.598757877635574,12
"CAMPANHA01_SANSED05_Primavera_E_E05",-44.6,-24.56,150,1,"2019 (Survey 1)","test",0.532705399119204,0.823157731394489,12
"CAMPANHA01_SANSED02_Inverno_E_E06",-44.5,-24.74,400,1,"2019 (Survey 1)","train",0.442567575514792,0.655228281486009,12
"CAMPANHA02_SANSED07_Verao_E_E06",-44.5033333333333,-24.74,400,2,"2021 (Survey 2)","test",0.2563374303391,0.428937499062476,12
"CAMPANHA01_SANSED02_Inverno_E_E07",-44.42,-24.89,700,1,"2019 (Survey 1)","train",0.203921387650879,0.395575941745602,12
"CAMPANHA02_SANSED07_Verao_E_E07",-44.42,-24.89,700,2,"2021 (Survey 2)","test",0.273576734145436,0.275525046320144,12
"CAMPANHA01_SANSED02_Inverno_E_E08",-44.38,-24.94,1000,1,"2019 (Survey 1)","train",0.215369487258481,0.449131646947287,12
"CAMPANHA02_SANSED07_Verao_E_E08",-44.38,-24.93,1000,2,"2021 (Survey 2)","train",0.288635997544213,0.277582745259447,12
"CAMPANHA01_SANSED02_Inverno_E_E09",-44.36,-25,1300,1,"2019 (Survey 1)","train",0.249134334002921,0.390785757327222,12
"CAMPANHA02_SANSED07_Verao_E_E09",-44.36,-25,1300,2,"2021 (Survey 2)","train",0.234364383180179,0.350611409313602,12
"CAMPANHA01_SANSED02_Inverno_E_E10",-44.2,-25.29,1900,1,"2019 (Survey 1)","train",0.306702830105164,0.301871121013159,12
"CAMPANHA02_SANSED07_Verao_E_E10",-44.2,-25.29,1900,2,"2021 (Survey 2)","train",0.471072374930428,0.410715008610047,12
"CAMPANHA01_SANSED02_Inverno_E_E11",-43.47,-26.6,2400,1,"2019 (Survey 1)","train",0.337281197339277,0.46792108599741,12
"CAMPANHA02_SANSED07_Verao_E_E11",-43.47,-26.6,2400,2,"2021 (Survey 2)","test",0.483028649080868,0.358118600724293,12
"CAMPANHA02_SANSED09_Outono_F_F01",-44.15,-23.18,25,2,"2021 (Survey 2)","train",0.835844204896888,0.840257894807741,12
"CAMPANHA01_SANSED05_Primavera_F_F01",-44.15,-23.18,25,1,"2019 (Survey 1)","train",0.546687380271816,0.785337987675735,8
"CAMPANHA02_SANSED09_Outono_F_F02",-44.09,-23.2633333333333,50,2,"2021 (Survey 2)","test",0.412597712846799,0.691503191818049,12
"CAMPANHA01_SANSED05_Primavera_F_F02",-44.09,-23.27,50,1,"2019 (Survey 1)","train",0.314589798474118,0.525341731765303,12
"CAMPANHA02_SANSED09_Outono_F_F03",-43.98,-23.49,75,2,"2021 (Survey 2)","train",0.317706038365554,0.593741417311724,12
"CAMPANHA01_SANSED05_Primavera_F_F03",-43.98,-23.49,75,1,"2019 (Survey 1)","train",0.278069671688217,0.633724225115394,12
"CAMPANHA02_SANSED09_Outono_F_F04",-43.9,-23.63,100,2,"2021 (Survey 2)","train",0.565598609672479,0.581650184730885,12
"CAMPANHA01_SANSED05_Primavera_F_F04",-43.9,-23.63,100,1,"2019 (Survey 1)","train",0.248447821746202,0.72975811211879,12
"CAMPANHA02_SANSED09_Outono_F_F05",-43.67,-24.09,150,2,"2021 (Survey 2)","train",0.659847550255602,0.583010548973401,12
"CAMPANHA01_SANSED05_Primavera_F_F05",-43.67,-24.09,150,1,"2019 (Survey 1)","test",0.325075284451992,0.508550258572869,12
"CAMPANHA01_SANSED03_Inverno_F_F06",-43.58,-24.26,400,1,"2019 (Survey 1)","train",0.435060828402778,0.652801408351975,12
"CAMPANHA02_SANSED08_Verao_F_F06",-43.58,-24.2666666666667,400,2,"2021 (Survey 2)","train",0.49424915964157,0.655388806807115,12
"CAMPANHA01_SANSED03_Inverno_F_F07",-43.54,-24.34,700,1,"2019 (Survey 1)","train",0.27540896002204,0.445569242979349,12
"CAMPANHA02_SANSED08_Verao_F_F07",-43.54,-24.34,700,2,"2021 (Survey 2)","train",0.128006217926709,0.646452061909014,12
"CAMPANHA01_SANSED03_Inverno_F_F08",-43.49,-24.43,1000,1,"2019 (Survey 1)","train",0.205584405547086,0.407288547505201,12
"CAMPANHA02_SANSED08_Verao_F_F08",-43.49,-24.43,1000,2,"2021 (Survey 2)","train",0.345969386280983,0.414736932172411,12
"CAMPANHA01_SANSED03_Inverno_F_F09",-43.44,-24.54,1300,1,"2019 (Survey 1)","train",0.3658409432912,0.395382441120563,12
"CAMPANHA02_SANSED08_Verao_F_F09",-43.44,-24.54,1300,2,"2021 (Survey 2)","train",0.2121608431595,0.407727114777312,12
"CAMPANHA01_SANSED03_Inverno_F_F10",-43.27,-24.87,1900,1,"2019 (Survey 1)","train",0.256022230694591,0.311295336490857,12
"CAMPANHA02_SANSED08_Verao_F_F10",-43.27,-24.87,1900,2,"2021 (Survey 2)","train",0.393682189580078,0.416174124003987,12
"CAMPANHA01_SANSED03_Inverno_F_F11",-42.65,-26.12,2400,1,"2019 (Survey 1)","train",0.651110561734706,0.381244644496327,12
"CAMPANHA02_SANSED08_Verao_F_F11",-42.65,-26.12,2400,2,"2021 (Survey 2)","train",0.665107591819257,0.664309951339451,12
"CAMPANHA02_SANSED09_Outono_G_G01",-43.0933333333333,-22.99,25,2,"2021 (Survey 2)","train",0.291067565584574,0.851280532325469,10
"CAMPANHA01_SANSED05_Primavera_G_G01",-43.09,-22.99,25,1,"2019 (Survey 1)","test",0.369975275767232,0.649646701778827,12
"CAMPANHA02_SANSED09_Outono_G_G02",-43.05,-23.08,50,2,"2021 (Survey 2)","train",0.560984413797117,0.712872103651816,12
"CAMPANHA01_SANSED05_Primavera_G_G02",-43.05,-23.08,50,1,"2019 (Survey 1)","train",0.482819178247289,0.541017280363159,12
"CAMPANHA02_SANSED09_Outono_G_G03",-42.99,-23.2,75,2,"2021 (Survey 2)","train",0.588975669270299,0.528657978703263,12
"CAMPANHA01_SANSED05_Primavera_G_G03",-42.99,-23.2,75,1,"2019 (Survey 1)","train",0.413957431129439,0.519586017639968,12
"CAMPANHA02_SANSED09_Outono_G_G04",-42.93,-23.31,100,2,"2021 (Survey 2)","train",0.716857842097106,0.852974996338053,12
"CAMPANHA01_SANSED05_Primavera_G_G04",-42.93,-23.31,100,1,"2019 (Survey 1)","train",0.542925781111176,0.844829315768213,11
"CAMPANHA02_SANSED09_Outono_G_G05",-42.73,-23.7,150,2,"2021 (Survey 2)","train",0.386432324365137,0.615578696404878,12
"CAMPANHA01_SANSED05_Primavera_G_G05",-42.73,-23.7,150,1,"2019 (Survey 1)","train",0.40486463112087,0.461712483906314,12
"CAMPANHA01_SANSED04_Inverno_G_G06",-42.68,-23.82,400,1,"2019 (Survey 1)","train",0.61101709823163,0.510335001393955,12
"CAMPANHA02_SANSED08_Verao_G_G06",-42.68,-23.82,400,2,"2021 (Survey 2)","test",0.54508504909372,0.715352815728995,12
"CAMPANHA01_SANSED04_Inverno_G_G07",-42.59,-23.98,700,1,"2019 (Survey 1)","test",0.510479996174189,0.392983771480751,12
"CAMPANHA02_SANSED08_Verao_G_G07",-42.59,-23.98,700,2,"2021 (Survey 2)","train",0.214522630919149,0.390818591718479,12
"CAMPANHA01_SANSED04_Inverno_G_G08",-42.54,-24.09,1000,1,"2019 (Survey 1)","train",0.448875060754694,0.565856486266341,12
"CAMPANHA02_SANSED08_Verao_G_G08",-42.54,-24.09,1000,2,"2021 (Survey 2)","train",0.761523637301366,0.45347362362238,12
"CAMPANHA01_SANSED04_Inverno_G_G09",-42.5,-24.23,1300,1,"2019 (Survey 1)","train",0.368079445249374,0.464317182896292,12
"CAMPANHA02_SANSED08_Verao_G_G09",-42.5,-24.23,1300,2,"2021 (Survey 2)","train",0.368945962392028,0.336849989201152,12
"CAMPANHA01_SANSED04_Inverno_G_G10",-42.32,-24.56,1900,1,"2019 (Survey 1)","train",0.383236277470511,0.349464980956809,12
"CAMPANHA02_SANSED08_Verao_G_G10",-42.32,-24.56,1900,2,"2021 (Survey 2)","train",0.271671697321354,0.441389534141901,12
"CAMPANHA02_SANSED08_Verao_G_G11",-41.96,-25.23,2400,2,"2021 (Survey 2)","train",1.17970358095044,0.535701676246037,12
"CAMPANHA02_SANSED09_Outono_H_H01",-42.27,-22.95,25,2,"2021 (Survey 2)","train",0.489961319047104,1.0604835917093,4
"CAMPANHA01_SANSED05_Primavera_H_H01",-42.27,-22.95,25,1,"2019 (Survey 1)","train",0.581110700882825,0.510758361934583,12
"CAMPANHA02_SANSED09_Outono_H_H02",-42.25,-22.98,50,2,"2021 (Survey 2)","train",1.14181375612562,0.816639504716149,11
"CAMPANHA01_SANSED05_Primavera_H_H02",-42.2533333333333,-22.98,50,1,"2019 (Survey 1)","train",0.669903772024331,0.502055360831218,12
"CAMPANHA02_SANSED09_Outono_H_H03",-42.23,-23.04,75,2,"2021 (Survey 2)","train",0.667436974240328,0.56372212460175,12
"CAMPANHA01_SANSED05_Primavera_H_H03",-42.23,-23.04,75,1,"2019 (Survey 1)","train",0.652373423786637,0.50535056776555,12
"CAMPANHA02_SANSED09_Outono_H_H04",-42.19,-23.1,100,2,"2021 (Survey 2)","train",0.820523714798373,1.0501345512747,3
"CAMPANHA01_SANSED05_Primavera_H_H04",-42.19,-23.1,100,1,"2019 (Survey 1)","train",0.45478356812727,0.894751107707853,9
"CAMPANHA02_SANSED09_Outono_H_H05",-41.97,-23.47,150,2,"2021 (Survey 2)","train",0.802487049717028,0.623014118245663,12
"CAMPANHA01_SANSED05_Primavera_H_H05",-41.97,-23.47,150,1,"2019 (Survey 1)","train",0.320208754657165,0.461712483906314,12
"CAMPANHA01_SANSED04_Inverno_H_H06",-41.79,-23.77,400,1,"2019 (Survey 1)","train",0.959993180893757,0.428463902683003,12
"CAMPANHA02_SANSED08_Verao_H_H06",-41.79,-23.77,400,2,"2021 (Survey 2)","train",0.932859562773143,0.872662062997658,10
"CAMPANHA01_SANSED04_Inverno_H_H07",-41.7466666666667,-23.85,700,1,"2019 (Survey 1)","test",0.523901727528792,0.486672784636375,12
"CAMPANHA02_SANSED08_Verao_H_H07",-41.74,-23.85,700,2,"2021 (Survey 2)","test",0.234406393334916,0.461116462108767,12
"CAMPANHA01_SANSED04_Inverno_H_H08",-41.73,-23.91,1000,1,"2019 (Survey 1)","train",0.555967862595369,0.444726304688676,12
"CAMPANHA02_SANSED08_Verao_H_H08",-41.73,-23.91,1000,2,"2021 (Survey 2)","train",0.220338351351366,0.433818387759261,12
"CAMPANHA01_SANSED04_Inverno_H_H09",-41.67,-23.98,1300,1,"2019 (Survey 1)","train",0.68252915614783,0.39358708147637,12
"CAMPANHA02_SANSED08_Verao_H_H09",-41.67,-23.98,1300,2,"2021 (Survey 2)","train",0.440748773121019,0.33654551474838,12
"CAMPANHA01_SANSED04_Inverno_H_H10",-41.53,-24.22,1900,1,"2019 (Survey 1)","test",0.487439256799436,3.84407951302514,1
"CAMPANHA02_SANSED08_Verao_H_H10",-41.52,-24.22,1900,2,"2021 (Survey 2)","test",0.293653563799414,0.419705269748493,12
"CAMPANHA01_SANSED04_Inverno_H_H11",-41.35,-24.52,2400,1,"2019 (Survey 1)","train",0.365452930641753,0.448044705718628,12
"CAMPANHA02_SANSED08_Verao_H_H11",-41.35,-24.52,2400,2,"2021 (Survey 2)","train",0.490207394397808,0.504197016926814,12
"CAMPANHA01_SANSED02_Inverno_P_P01",-43.99,-25.68,2170,1,"2019 (Survey 1)","train",0.345052234848322,0.54247357365873,12
"CAMPANHA01_SANSED02_Inverno_P_P02",-43.83,-25.96,2247,1,"2019 (Survey 1)","train",0.372838372590007,0.405555838794075,12
"CAMPANHA02_SANSED07_Verao_P_P02",-43.83,-25.96,2247,2,"2021 (Survey 2)","train",0.543284684773778,0.443526236959288,12
"CAMPANHA01_SANSED03_Inverno_P_P03",-43.87,-24.89,1720,1,"2019 (Survey 1)","train",0.260370886638376,0.390518454599789,12
"CAMPANHA02_SANSED07_Verao_P_P03",-43.87,-24.89,1720,2,"2021 (Survey 2)","test",0.191754203850987,0.447899270191128,12
"CAMPANHA01_SANSED03_Inverno_P_P04",-43.73,-25.16,2106,1,"2019 (Survey 1)","train",0.246840998668778,0.280875876829776,12
"CAMPANHA02_SANSED07_Verao_P_P04",-43.73,-25.16,2106,2,"2021 (Survey 2)","train",0.688569053510598,0.435967996748694,12
"CAMPANHA01_SANSED03_Inverno_P_P05",-43.56,-25.48,2185,1,"2019 (Survey 1)","train",0.300093811488749,0.306411773679869,12
"CAMPANHA02_SANSED07_Verao_P_P05",-43.56,-25.48,2185,2,"2021 (Survey 2)","train",0.308622721002028,0.408871331738071,12
"CAMPANHA01_SANSED03_Inverno_P_P06",-43.37,-25.79,2135,1,"2019 (Survey 1)","test",0.477919459879693,0.317027498084528,12
"CAMPANHA02_SANSED07_Verao_P_P06",-43.37,-25.79,2135,2,"2021 (Survey 2)","test",0.313835576863702,0.489356994213382,12
"CAMPANHA01_SANSED03_Inverno_P_P07",-43.08,-25.24,2217,1,"2019 (Survey 1)","test",0.349658569174385,0.245664690923212,12
"CAMPANHA02_SANSED08_Verao_P_P07",-43.08,-25.24,2217,2,"2021 (Survey 2)","test",0.335697745577893,0.474108538292933,12
"CAMPANHA01_SANSED03_Inverno_P_P08",-42.92,-25.56,2140,1,"2019 (Survey 1)","train",0.302652407420341,0.284627122993498,12
"CAMPANHA02_SANSED07_Verao_P_P08",-42.92,-25.56,2140,2,"2021 (Survey 2)","train",0.385216097463282,0.429082281381561,12
"CAMPANHA01_SANSED03_Inverno_P_P09",-42.9033333333333,-24.43,1435,1,"2019 (Survey 1)","train",0.316066680650781,0.391360661586918,12
"CAMPANHA02_SANSED08_Verao_P_P09",-42.9033333333333,-24.43,1435,2,"2021 (Survey 2)","train",0.318318666536202,0.444610829835703,12
"CAMPANHA01_SANSED03_Inverno_P_P10",-42.8,-24.67,1973,1,"2019 (Survey 1)","train",0.343868157862561,0.350667848462124,12
"CAMPANHA02_SANSED08_Verao_P_P10",-42.8,-24.67,1973,2,"2021 (Survey 2)","train",0.271183531606536,0.389767424342996,12
"CAMPANHA01_SANSED04_Inverno_P_P11",-42.56,-25.06,2260,1,"2019 (Survey 1)","train",0.461272151052441,0.459332648075613,12
"CAMPANHA02_SANSED08_Verao_P_P11",-42.56,-25.06,2260,2,"2021 (Survey 2)","train",0.281885729569319,0.47987923775051,12
"CAMPANHA01_SANSED04_Inverno_P_P12",-42.38,-25.39,2198,1,"2019 (Survey 1)","train",0.577492307839149,0.407287462376951,12
"CAMPANHA02_SANSED08_Verao_P_P12",-42.38,-25.39,2198,2,"2021 (Survey 2)","train",0.474254511293817,0.391597492230464,12
